{"cameraMode":{"drawMode":0,"name":"Shaded","section":"Shading Mode"},"sceneLighting":true,"audioPlay":false,"sceneViewState":{"showFog":true,"showMaterialUpdate":false,"showSkybox":true,"showFlares":true,"showImageEffects":true,"showParticleSystems":true},"in2DMode":false,"pivot":{"x":-2.9528918266296388,"y":-2.439340591430664,"z":-10.45263385772705},"rotation":{"x":-0.07446875423192978,"y":0.9122942686080933,"z":-0.1918841451406479,"w":-0.35405433177948},"size":7.507230281829834,"orthographic":false}